Name,Age,City,Email,JoinDate
Rajeev,22,Hyderabad,rajeev@email.com,2023-07-15
Ganesh,23,Vijayawada,ganesh@email.com,2023-07-20
Neha,23,Tirupathi,neha@email.com,2023-08-01
Sahithi,22,Uravakonda,sahithi@email.com,2023-08-08
Ritik,25,Nellore,ritik@email.com,2023-08-12
Anvitha,22,Chennai,anvitha@email.com,2023-09-02
Bhavesh,20,Odissa,bhavesh@email.com,2023-09-19
Chanukya,25,Bangalore,chanukya@email.com,2023-10-03
Sameeksha,26,Kolkata,sameeksha@email.com,2023-10-10
Snehitha,22,Hyderabad,snehitha@email.com,2023-10-18
